id|name|layer|x|y
1340|观音庙遗址|盂县|113.0220885|38.09776088
1341|东梁遗址|盂县|113.0627412|38.10627363
1342|大庙遗址|盂县|113.0880188|38.10974822
1343|辛庄白龙庙遗址|盂县|113.0934044|38.07309129
1344|输粟救荒题名碑|盂县|113.0947074|38.11330967
1345|关圣大帝庙遗址|盂县|113.0733387|38.13928223
1346|山河遗址|盂县|113.0725569|38.14796871
1347|乌耳庄遗址|盂县|113.0736861|38.15335432
1348|西村遗址|盂县|113.0734255|38.17698153
1349|西烟中共党支部旧址|盂县|113.076987|38.18662352
1350|东村遗址|盂县|113.0922752|38.18879514
1351|藏山行祠遗址|盂县|113.1357944|38.17133532
1352|云中阁遗址|盂县|113.0960972|38.21693932
1353|上文造像|盂县|113.1105168|38.24021907
1354|上文墓葬|盂县|113.1030464|38.25107716
1355|上文摩崖造像|盂县|113.1118198|38.25298819
1356|李庄遗址|盂县|113.1446546|38.29659429
1357|文殊寺|盂县|113.1872184|38.30380407
1358|普济寺|盂县|113.1692374|38.31761556
1359|西潘石斧出土点|盂县|113.1679344|38.32413042
1360|潘家汇墓葬|盂县|113.1548178|38.34402245
1361|西潘遗址|盂县|113.1620276|38.32942917
1362|西潘金墓|盂县|113.1536017|38.32934231
1363|潘家汇金墓|盂县|113.1624619|38.34723644
1364|藏山祠遗址|盂县|113.1897374|38.34506482
1365|进圭玉皇庙|盂县|113.1823539|38.36417507
1366|日军慰安所旧址|盂县|113.198337|38.36860517
1367|庄里遗址|盂县|113.2958862|38.43331941
1368|晋察冀军区二分区司令部旧址|盂县|113.3476576|38.41342738
1369|乔家庄元墓|盂县|113.3496554|38.40326421
1370|乔家庄经幢|盂县|113.354433|38.39709681
1371|石佛湾摩崖造像|盂县|113.3623377|38.39179806
1372|彭真路居|盂县|113.35895|38.38015818
1373|府君庙|盂县|113.3484393|38.3251728
1374|中南遗址|盂县|113.3546936|38.3116219
1375|郭氏幢|盂县|113.3488737|38.31127444
1376|上社金墓|盂县|113.3507847|38.29477013
1377|上社遗址|盂县|113.3569521|38.29077436
1378|山西决死队总部旧址|盂县|113.3457465|38.28999257
1379|灵岳寺遗址|盂县|113.3339329|38.29468327
1380|肖家汇观音庙遗址|盂县|113.3407084|38.27861329
1381|烈士公墓|盂县|113.2794687|38.27409632
1382|造像碑|盂县|113.3166468|38.2465602
1383|丰乐寺遗址|盂县|113.3259414|38.24351993
1384|赵铎墓|盂县|113.3334986|38.24378053
1385|宝峰院遗址|盂县|113.3744988|38.25012165
1386|东兴道遗址|盂县|113.333238|38.23865551
1387|兴化寺造像碑|盂县|113.315257|38.23544151
1388|千佛寺遗址|盂县|113.3193396|38.22996903
1389|摩崖造像|盂县|113.3289816|38.22788428
1390|千佛造像碑|盂县|113.3363651|38.22710249
1391|玉帝庙遗址|盂县|113.3339329|38.2130304
1392|吕祖庙遗址|盂县|113.333238|38.20642868
1393|七机岩关帝庙|盂县|113.3448779|38.22562579
1394|藏山祠|盂县|113.3569521|38.22084823
1395|陆师嶂摩崖造像|盂县|113.3751937|38.20677614
1396|凿井碑|盂县|113.2752992|38.21198803
1397|泉子洼摩崖造像|盂县|113.3055281|38.21633126
1398|小独头造像塔|盂县|113.3149964|38.1874053
1399|诸龙庙|盂县|113.2781658|38.15387551
1400|东苌池遗址|盂县|113.3586025|38.17072727
1401|神山禁谕碑|盂县|113.364683|38.16594971
1402|创修文宣王庙碑|盂县|113.3530432|38.16603657
1403|什袭珍藏碑|盂县|113.3598186|38.15995604
1404|龙神庙遗址|盂县|113.3747594|38.17107473
1405|段家山摩崖造像|盂县|113.3348016|38.12034572
1406|大王庙遗址|盂县|113.3768441|38.01332834
1407|舍利塔|盂县|113.3382762|38.04598949
1408|天齐庙|盂县|113.3763229|38.03904031
1409|上曹天齐庙|盂县|113.3513059|38.06892178
1410|下曹墓群|盂县|113.3556491|38.07465486
1411|西宋遗址|盂县|113.3780602|38.08177777
1412|石佛山摩崖造像|盂县|113.2918904|38.08976932
1413|仇犹观|盂县|113.4217532|38.45095296
1414|梁家寨遗址|盂县|113.4280074|38.44691374
1415|彭真渠|盂县|113.4341314|38.45108325
1416|崔氏祖碑|盂县|113.4695722|38.45512246
1417|120师师部旧址|盂县|113.5245576|38.42828126
1418|青石寺|盂县|113.4028601|38.3403307
1419|北寺山石刻|盂县|113.4704843|38.32391326
1420|日军封锁线遗址|盂县|113.5924424|38.22130427
1421|十八盘摩崖造像|盂县|113.5999345|38.21863318
1422|白求恩医疗队旧址|盂县|113.5656664|38.21016387
1423|反徭役斗争遗址|盂县|113.5449491|38.17550483
1424|泰山庙|盂县|113.5865139|38.167687
1425|重修文殊院碑|盂县|113.4267696|38.17368067
1426|新建关帝庙碑|盂县|113.4237728|38.16742641
1427|西盂北泰山庙|盂县|113.4137399|38.1678173
1428|土塔遗址|盂县|113.4842307|38.14931511
1429|石宝关帝庙|盂县|113.7170716|38.12377687
1430|黑砚水遗址|盂县|113.6860609|38.15739353
1431|观音庙|盂县|113.6626074|38.16143274
1432|交口大王庙|盂县|113.6310755|38.14553649
1433|祭文碑|盂县|113.445793|37.96468408
1434|皇后天齐庙|盂县|113.4461839|37.98409835
1435|奶奶庙遗址|盂县|113.4368025|38.01054867
1436|清城村遗址|盂县|113.47954|38.03139621
1437|永清寺|盂县|113.4765431|38.05328613
1438|红军第24军成立大会会址|盂县|113.4867063|38.03556572
1439|西城武墓群|盂县|113.3923712|38.11739231
1440|烈女祠|盂县|113.4319815|38.11739231
1441|八路军总部旧址|盂县|113.3929575|38.10130062
1442|北庄大王庙|盂县|113.4104825|38.10273389
1443|二郎庙村遗址|盂县|113.447096|38.09204952
1444|大吉遗址|盂县|113.4311997|38.10182181
1445|西吉遗址|盂县|113.4403205|38.10507924
1446|小横沟遗址|盂县|113.4003193|38.07602298
1447|玉皇庙|盂县|113.4108734|38.07472
1448|关帝庙|盂县|113.4440991|38.07823803
1449|丁亥寓道人真山记碑|盂县|113.403707|38.06833545
1450|北娄遗址|盂县|113.396671|38.04866058
1451|龙王庙遗址|盂县|113.4214274|38.06038732
1452|霞峰塔|盂县|113.4482686|38.05465425
1453|上乌沙金墓|盂县|113.4590833|38.05178771
1454|白龙庙遗址|盂县|113.5264469|38.14534105
1455|西岭山摩崖造像|盂县|113.5654058|38.11797865
1456|杏村金墓|盂县|113.5160232|38.11263647
1457|新修永济桥碑|盂县|113.4977816|38.11263647
1458|西沟遗址|盂县|113.5583697|38.09387368
1459|天子庙|盂县|113.5728327|38.09569784
1460|建福院|盂县|113.5833868|38.09100715
1461|斋醮碑|盂县|113.5644937|38.08814061
1462|西林江龙王庙遗址|盂县|113.5891198|38.06455683
1463|慧福寺遗址|盂县|113.5229289|38.09569784
1464|磁窑坡瓷窑址|盂县|113.5085962|38.08123486
1465|刘家口龙王庙|朔城区|112.4049271|39.42213043
1466|张炜墓|朔城区|112.4014071|39.39272429
1467|上庄头龙王庙|朔城区|112.4122381|39.37772337
1468|蔡庄遗址|朔城区|112.4093678|39.3583359
1469|霍庄遗址|朔城区|112.3998907|39.35151238
1470|田家窑遗址|朔城区|112.4014071|39.3392192
1471|李善旭家族墓地|朔城区|112.4133753|39.32725096
1472|马邑墓群|朔城区|112.430055|39.33385786
1473|木寨遗址|朔城区|112.4604901|39.3495628
1474|刘家窑墓葬|朔城区|112.4570242|39.4174731
1475|西赵家口遗址|朔城区|112.4609234|39.41184099
1476|东赵家口瓷窑遗址|朔城区|112.4738122|39.41249085
1477|担水沟遗址|朔城区|112.4549663|39.40079338
1478|大平易墓群|朔城区|112.4931997|39.41552353
1479|林家口龙王庙|朔城区|112.521252|39.42169719
1480|大平易遗址|朔城区|112.4848598|39.40696704
1481|石城庄墓葬|朔城区|112.4017861|39.14377399
1482|青莲桥|朔城区|112.4355788|39.14962272
1483|王万庄关帝庙|朔城区|112.4413193|39.15243878
1484|张田墓|朔城区|112.4550746|39.14843132
1485|张家嘴关帝庙|朔城区|112.4618981|39.14550695
1486|东官井墓群|朔城区|112.4281055|39.24092797
1487|河汇遗址|朔城区|112.5011063|39.15763766
1488|河汇村经幢|朔城区|112.500998|39.16164512
1489|河汇龙王庙|朔城区|112.5006731|39.1690102
1490|河汇寺庙遗址|朔城区|112.4941745|39.16164512
1491|沙塄河关帝庙|朔城区|112.4925498|39.19738739
1492|沙塄河遗址|朔城区|112.4834518|39.18666471
1493|沙塄河天主教堂|朔城区|112.4864845|39.19175528
1494|南泉遗址|朔城区|112.4177077|39.27796995
1495|新安庄主教府|朔城区|112.4432688|39.27277108
1496|南磨遗址|朔城区|112.4040607|39.29681588
1497|南邢家河遗址|朔城区|112.4586488|39.29237517
1498|七里河龙王庙|朔城区|112.4634145|39.32844237
1499|崔家窑遗址|朔城区|112.4832352|39.31447039
1500|南关烽火台遗址|朔城区|112.4229066|39.3047225
1501|祝家庄城址|朔城区|112.5231474|39.35432843
1502|杨涧金墓|朔城区|112.5171903|39.34929202
1503|符秉性墓|朔城区|112.5253136|39.34582611
1504|小平易墓群|朔城区|112.483506|39.38806697
1505|元子河遗址|朔城区|112.4929289|39.39489049
1506|大平易瓷窑址|朔城区|112.4856722|39.40258049
1507|张家口遗址|朔城区|112.5175153|39.38850021
1508|神西遗址|朔城区|112.562518|39.39109964
1509|西神头遗址|朔城区|112.5696123|39.38330133
1510|司马泊遗址|朔城区|112.5741072|39.37994372
1511|田郃植墓|朔城区|112.5607851|39.37604457
1512|寰州故城|朔城区|112.5613808|39.3714414
1513|真武庙|朔城区|112.5105293|39.37387837
1514|野场龙王庙|朔城区|112.5536366|39.34301005
1515|东邵庄龙王庙|朔城区|112.5595395|39.33721547
1516|东邵庄遗址|朔城区|112.5591604|39.33179997
1517|李兰墓|朔城区|112.5496833|39.31885694
1518|下西关遗址|朔城区|112.6024302|39.34745075
1519|枕芳园碑|朔城区|112.6147776|39.33743209
1520|西小寨堡址|朔城区|112.5201147|39.26269826
1521|西小寨龙王庙|朔城区|112.524772|39.25912403
1522|贾庄堡址|朔城区|112.5397188|39.2434191
1523|贾庄龙王庙|朔城区|112.5442678|39.23984487
1524|北曹遗址|朔城区|112.5479504|39.22164881
1525|关帝龙王庙|朔城区|112.5559653|39.216125
1526|南曹烽火台遗址|朔城区|112.5489251|39.20800176
1527|南曹遗址|朔城区|112.5552071|39.20464415
1528|兴龙寺|朔城区|112.5435096|39.20388598
1529|神武墓群|朔城区|112.566363|39.1646778
1530|神武堡址|朔城区|112.5768149|39.16521935
1531|神武遗址|朔城区|112.5861296|39.16516519
1532|梁地遗址|朔城区|112.5741614|39.14832301
1533|野猪洼龙王庙|朔城区|112.5678794|39.11566757
1534|野猪洼遗址|朔城区|112.5660381|39.10895236
1535|三圣庙|朔城区|112.5898663|39.11772546
1536|徐村遗址|朔城区|112.6089288|39.16375717
1537|徐村墓群|朔城区|112.6154274|39.16532766
1538|徐村烽火台遗址|朔城区|112.6158065|39.16879358
1539|徐村三圣庙|朔城区|112.6100119|39.17225949
1540|三泉遗址|朔城区|112.6221426|39.17296351
1541|司马泊龙王庙|朔城区|112.5743682|39.37590812
1542|鄂国公庙遗址|朔城区|112.5842515|39.37861058
1543|吉庄遗址|朔城区|112.5901969|39.37884222
1544|戏台|朔城区|112.5828617|39.38949763
1545|三大王庙|朔城区|112.5939804|39.3857914
1546|东梁洼遗址|朔城区|112.6420841|39.14820666
1547|小莲花堡址|朔城区|112.6533573|39.15461535
1548|何庄遗址|朔城区|112.6616963|39.15816715
1549|寺台遗址|朔城区|112.6505776|39.1737642
1550|天神庙|朔城区|112.5979955|39.205576
1551|青钟墓葬|朔城区|112.5980727|39.22109583
1552|大寺|朔城区|112.6122027|39.22827665
1553|小岱堡址|朔城区|112.6168355|39.23105633
1554|岳飞庙|朔城区|112.6348261|39.20032551
1555|辛寨遗址|朔城区|112.6570635|39.19461174
1556|关王庙|朔城区|112.6643215|39.20364567
1557|八岔堡烽火台遗址|朔城区|112.6982953|39.16380371
1558|八岔堡堡址|朔城区|112.7043951|39.16403534
1559|南白庄遗址|朔城区|112.7349715|39.20796961
1560|张瑾夫妻合葬墓|朔城区|112.7401448|39.19777747
1561|张目生祖碑|朔城区|112.7233123|39.20688862
1562|李威夫妻合葬墓|朔城区|112.7409169|39.20766075
1563|磨盘山工事遗址|朔城区|112.7442371|39.21283403
1564|龙神庙|朔城区|112.7535413|39.21179165
1565|南白庄墓群|朔城区|112.7280223|39.21140559
1566|里仁遗址|朔城区|112.741496|39.24850649
1567|里仁墓群|朔城区|112.7421137|39.24433698
1568|阴馆县故城|朔城区|112.7314197|39.24719387
1569|新磨龙王庙|朔城区|112.5935557|39.37200886
1570|小泊遗址|朔城区|112.6025124|39.37193165
1571|马邑县故城|朔城区|112.617569|39.35424985
1572|马邑堡址|朔城区|112.6129362|39.35092968
1573|栖灵寺遗址|朔城区|112.6151754|39.34166411
1574|马跳庄经幢|朔城区|112.6294164|39.39187193
1575|谢作贵烈士纪念碑|朔城区|112.6493953|39.38770243
1576|红壕头五代墓|朔城区|112.6545203|39.39109015
1577|谢氏家族墓地|朔城区|112.6622512|39.38822361
1578|修堡碑|朔城区|112.7115036|39.42323011
1579|肖西河底遗址|朔城区|112.7009495|39.3768009
1580|罗疃关帝庙|朔城区|112.7283987|39.3738475
1581|肖西河底龙王庙|朔城区|112.6900914|39.37671403
1582|孝廉谢子庄墓|朔城区|112.6638582|39.36359746
1583|霍锳家族墓地|朔城区|112.6617735|39.36863561
1584|创建高龙神庙碑|朔城区|112.6539557|39.35195758
1585|大岱堡址|朔城区|112.5952351|39.24763302
1586|福善庄龙王庙|朔城区|112.6313708|39.24771988
1587|黄水河乐楼|朔城区|112.6326738|39.25788306
1588|祁有山墓|朔城区|112.6393624|39.26691699
1589|五圣庙|朔城区|112.6553455|39.2666564
1590|白圐圙龙王庙|朔城区|112.6802757|39.26031527
1591|汴子疃龙王庙|朔城区|112.7259665|39.27951238
1592|重修龙王庙碑|朔城区|112.73917|39.2949743
1593|旧营龙王庙|朔城区|112.7211021|39.30617986
1594|河淋禽乐楼|朔城区|112.7124156|39.3117392
1595|永安庄乐楼|朔城区|112.6874854|39.32650621
1596|新进疃遗址|朔城区|112.6972143|39.33319479
1597|里沿疃关帝庙|朔城区|112.672979|39.34066516
1598|龙王庙迁建碑|朔城区|112.0803443|39.32798291
1599|旌表节孝牌楼|朔城区|112.1285542|39.31781973
1600|利民堡烽火台遗址|朔城区|112.111963|39.30739596
1601|利民堡址|朔城区|112.1114419|39.30426883
1602|佛庙|朔城区|112.1075329|39.30105484
1603|观音庙|朔城区|112.3180062|39.12723847
1604|上圪老乐楼|朔城区|112.2868218|39.14964958
1605|三圣殿|朔城区|112.3078431|39.1592047
1606|前圪塔峰龙王庙|朔城区|112.372123|39.10951806
1607|后圪塔峰遗址|朔城区|112.3773349|39.11716216
1608|梵王寺城址|朔城区|112.3332944|39.13375333
1609|照壁山墓葬|朔城区|112.3293855|39.13774911
1610|梵王寺墓群|朔城区|112.3243474|39.14261353
1611|麻子沟龙王庙|朔城区|112.3405911|39.1727556
1612|梨元头龙王庙|朔城区|112.3728179|39.18152894
1613|窑子头遗址|朔城区|112.3745118|39.20131239
1614|定远桥|朔城区|112.3679969|39.21121497
1615|窑子头龙王庙|朔城区|112.3626113|39.20678487
1616|龙王庙|朔城区|112.3352489|39.21633999
1617|井子窊龙王庙|朔城区|112.3527956|39.19792466
1618|丰予遗址|朔城区|112.3723401|39.2337998
1619|戏楼|朔城区|112.3648698|39.23249683
1620|石湖岭修筑长城碑|朔城区|112.2224116|39.23154132
1621|西沟口堡址|朔城区|112.1972208|39.2655923
1622|安子坪龙王庙|朔城区|112.1719432|39.30780857
1623|兴建观音寺碑|朔城区|112.1526592|39.40700812
1624|范家岭墓葬|朔城区|112.2882551|39.39771359
1625|迁修龙王庙碑|朔城区|112.2409138|39.35019857
1626|沙涧墓群|朔城区|112.3795499|39.40344666
1627|峙峪瓷窑址|朔城区|112.3578337|39.40640006
1628|峙峪西遗址|朔城区|112.3521875|39.40839795
1629|峙峪遗址|朔城区|112.3514057|39.39849537
1630|马王庙|朔城区|112.3579206|39.40231742
1631|全武营龙王庙|朔城区|112.3728613|39.40118818
1632|磨石沟瓷窑址|朔城区|112.3382023|39.40092758
1633|松子嘴遗址|朔城区|112.343501|39.37456413
1634|上团堡遗址|朔城区|112.3795499|39.37469443
1635|马营堡遗址|朔城区|112.3762925|39.36830987
1636|下团堡龙王庙|朔城区|112.3792893|39.36062234
1637|下团堡遗址|朔城区|112.3744683|39.35805983
1638|李家窑烽火台遗址|朔城区|112.314271|39.35814669
1639|李家窑龙王庙|朔城区|112.3138367|39.34841784
1640|石庄窝龙王庙|朔城区|112.3526653|39.32227155
1641|冯庄龙王庙|朔城区|112.2856057|39.29334559
1642|露明龙王庙|朔城区|112.2797857|39.27979469
1643|吴官章施善功德碑|朔城区|112.2995909|39.29082651
1644|黄儿庄龙王庙|朔城区|112.3335116|39.26359441
1645|十二连城窑院|朔城区|112.3314268|39.28639641
1646|王廷琏墓|朔城区|112.3372468|39.29065278
1647|乐楼|朔城区|112.3615689|39.28674387
1648|鄯阳桥|朔城区|112.3605265|39.27284551
1649|夏阁遗址|朔城区|112.3792893|39.28170571
1650|塞北烈士纪念祠|朔城区|112.4246761|39.31732026
1651|烈士公墓|朔城区|112.4337969|39.30485517
1652|护国寺|朔城区|112.4334929|39.30129372
1653|三官庙遗址|朔城区|112.4397037|39.30954587
1654|朔州基督教堂|朔城区|112.4291931|39.31006706
1655|李尚任故居|朔城区|112.4294971|39.30789544
1656|清平寺遗址|朔城区|112.4154685|39.3093287
1657|玄帝说碑|朔城区|112.4288022|39.31729855
1658|功德堂|朔城区|112.4317773|39.31008877
1659|乐昌王府|朔城区|112.4336884|39.30791715
1660|崇福寺|朔城区|112.4309956|39.31443201
1661|卢氏旧宅|朔城区|112.4243938|39.30930699
1662|武衙门|朔城区|112.4243938|39.31308561
1663|郑公馆|朔城区|112.4242418|39.3154961
1664|玉会墓葬|定襄县|112.7707388|38.62225203
1665|白村墓群|定襄县|112.7971812|38.6192487
1666|白村遗址|定襄县|112.7818381|38.61343792
1667|白村墓葬|定襄县|112.7886282|38.61278502
1668|藏姑庙|定襄县|112.8279653|38.64350384
1669|下零山石狮|定襄县|112.825876|38.62776901
1670|下汤头遗址|定襄县|112.8412844|38.59042329
1671|龙头山激战遗址|定襄县|112.8481398|38.58833402
1672|福田寺遗址|定襄县|112.869816|38.56097762
1673|大南庄戏台|定襄县|112.8802623|38.53610223
1674|贺炳煌墓|定襄县|112.8643969|38.48641675
1675|杨芳戏台|定襄县|112.8939079|38.46989845
1676|西河头地道战遗址|定襄县|112.9210684|38.48693907
1677|庄力遗址|定襄县|112.9264875|38.47512163
1678|西河头遗址|定襄县|112.9318086|38.4825973
1679|西河头墓群|定襄县|112.931678|38.48533947
1680|阳曲县故城|定襄县|112.9455847|38.47848405
1681|南关遗址|定襄县|112.9508079|38.47887579
1682|待阳遗址|定襄县|112.9623642|38.47776586
1683|董村墓群|定襄县|112.9533542|38.46516494
1684|大南邢村惨案旧址|定襄县|112.9745734|38.46065995
1685|张村关帝庙|定襄县|112.9308292|38.44557802
1686|官庄遗址|定襄县|112.9293929|38.41750344
1687|择里关帝庙|定襄县|112.9173143|38.42070264
1688|官庄戏台|定襄县|112.9340937|38.41959271
1689|官庄关帝庙|定襄县|112.9333102|38.41482656
1690|太平院经幢|定襄县|112.9079778|38.38707843
1691|寇村遗址|定襄县|112.9154861|38.38368336
1692|重修太平院碑|定襄县|112.9101324|38.38329162
1693|中霍西遗址|定襄县|112.9384681|38.3968066
1694|横山遗址|定襄县|112.9244961|38.59365513
1695|横山墓群|定襄县|112.9207093|38.59078238
1696|北林木遗址|定襄县|112.9425161|38.55500361
1697|南林木遗址|定襄县|112.9346813|38.54501428
1698|王进遗址|定襄县|112.9971636|38.50636276
1699|北西力遗址|定襄县|113.0010157|38.48886511
1700|西西力墓群|定襄县|112.9920057|38.48272788
1701|南西力遗址|定襄县|112.9977512|38.48050803
1702|赵村遗址|定襄县|112.9953355|38.4647732
1703|赵村墓群|定襄县|112.9970983|38.46216162
1704|龙门遗址|定襄县|113.0026479|38.46255335
1705|留晖遗址|定襄县|112.9972942|38.45008302
1706|留晖墓群|定襄县|112.9989264|38.44753672
1707|南王遗址|定襄县|112.9818205|38.42905972
1708|中霍东遗址|定襄县|112.9517872|38.40072398
1709|中霍遗址|定襄县|112.9468905|38.39138755
1710|中霍墓群|定襄县|112.9473475|38.38812306
1711|西社遗址|定襄县|113.0302981|38.63459179
1712|平东社遗址|定襄县|113.0820076|38.62293757
1713|河边遗址|定襄县|113.1106535|38.59605453
1714|河边东遗址|定襄县|113.1102617|38.59301856
1715|青石遗址|定襄县|113.1059036|38.57416615
1716|芳兰遗址|定襄县|113.0912624|38.55903525
1717|蒋村遗址|定襄县|113.0495913|38.53048732
1718|瓦窑沟遗址|定襄县|113.045429|38.52994868
1719|草泉遗址|定襄县|113.0441559|38.5216732
1720|王家庄遗址|定襄县|113.064869|38.5237788
1721|前高蒋遗址|定襄县|113.0459187|38.50908861
1722|小王遗址|定襄县|113.027507|38.51202665
1723|东力遗址|定襄县|113.0220716|38.49018723
1724|麻河沟遗址|定襄县|113.0317182|38.48646572
1725|东王遗址|定襄县|113.0212882|38.47613362
1726|牛台遗址|定襄县|113.0779923|38.54703826
1727|南苏鲁遗址|原平市|112.7042249|38.85484669
1728|北贾铺墓群|原平市|112.7600476|38.78085711
1729|原平遗址|原平市|112.7050084|38.69526227
1730|新郭遗址|原平市|112.7126473|38.68635022
1731|神沟遗址|原平市|112.6926686|38.69496847
1732|瓦爪坡遗址|原平市|112.7391876|38.64644188
1733|关子遗址|原平市|112.7238608|38.63821537
1734|白练家庄遗址|原平市|112.6974185|38.61897122
1735|河南遗址|原平市|112.7016296|38.6278343
1736|界河铺遗址|原平市|112.7273864|38.629793
1737|子干遗址|原平市|112.8183187|38.69834721
1738|南河沟遗址|原平市|112.8304626|38.69051244
1739|子干墓群|原平市|112.8234113|38.69149179
1740|麻地山遗址|原平市|112.8240968|38.71039317
1741|停旨头遗址|原平市|112.7926598|38.72807036
1742|东营东遗址|原平市|112.7711142|38.74041012
1743|东营遗址|原平市|112.7589703|38.73600306
1744|东阳墓群|原平市|112.7630836|38.73786382
1745|峙峪遗址|原平市|112.7917784|38.74413163
1746|张村墓群|原平市|112.7542695|38.74873456
1747|赵家垴墓群|原平市|112.8018657|38.75098706
1748|上封遗址|原平市|112.8109736|38.76959463
1749|血圪瘩遗址|原平市|112.7972012|38.78409761
1750|练家岗遗址|原平市|112.8016881|38.78925146
1751|练家岗墓群|原平市|112.8045985|38.78391571
1752|辛章北遗址|原平市|112.804356|38.82114472
1753|前城遗址|原平市|112.8093279|38.81756734
1754|辛章遗址|原平市|112.8149669|38.81750671
1755|南头遗址|原平市|112.8304284|38.86249682
1756|中阳墓群|原平市|112.8176347|38.84279091
1757|史家岗遗址|原平市|112.8273361|38.83333207
1758|井沟遗址|原平市|112.8577135|38.85115835
1759|白石西遗址|原平市|112.8997932|38.85455383
1760|白石遗址|原平市|112.9134055|38.8599199
1761|圪瘩地遗址|原平市|112.9520897|38.83697009
1762|野庄遗址|原平市|112.9614273|38.8225393
1763|东贾庄遗址|原平市|112.9340815|38.81956825
1764|两郎殿遗址|原平市|112.9160127|38.79592116
1765|西峪遗址|原平市|112.9148|38.79210124
1766|大脑山遗址|原平市|112.9218942|38.7483238
1767|北头遗址|原平市|112.9134661|38.71364139
1768|西头遗址|原平市|112.9413576|38.7156423
1769|沟里遗址|原平市|112.9194082|38.70685043
1770|南寨遗址|原平市|112.9109801|38.70133277
1771|四十亩地遗址|原平市|112.9261992|38.69684589
1772|西头庄遗址|原平市|112.9784653|38.65755533
1773|沟北遗址|原平市|112.9926536|38.6598594
1774|羊嘴梁遗址|原平市|112.9804056|38.64470101
1775|上南白遗址|原平市|112.9916228|38.63590914
1776|尚义遗址|原平市|112.9928961|38.6513707
1777|贵如遗址|原平市|113.0366735|38.63797068
1778|永兴庄遗址|原平市|113.0344907|38.64676255
1779|合村遗址|原平市|113.0267296|38.66907571
1780|磨湾遗址|原平市|113.0093884|38.6753816
1781|杨家嘴遗址|原平市|113.010116|38.67174359
1782|王东社遗址|原平市|113.0022943|38.69817983
1783|赵村遗址|原平市|113.0177559|38.69672462
1784|刘长岗遗址|原平市|112.9965341|38.73183146
1785|王家岗遗址|原平市|113.0307921|38.7501428
1786|王北窑遗址|原平市|113.0237586|38.75814644
1787|东阎庄墓群|原平市|113.0049622|38.73874369
1788|禹王梁遗址|原平市|112.6169406|38.83058763
1789|上阳武遗址|原平市|112.5911221|38.83332942
1790|下申遗址|原平市|112.6508702|38.83310093
1791|向阳墓群|原平市|112.6667497|38.84498201
1792|阳武遗址|原平市|112.6219672|38.80808212
1793|下默都遗址|原平市|112.6541832|38.78877536
1794|神山遗址|原平市|112.6234523|38.77323856
1795|神山南遗址|原平市|112.6306495|38.76901164
1796|小泉沟遗址|原平市|112.6475572|38.76090052
1797|一家村遗址|原平市|112.5132096|38.69418368
1798|西庄遗址|原平市|112.5719296|38.68013202
1799|北庄遗址|原平市|112.5959202|38.69943877
1800|崖底遗址|原平市|112.6288217|38.67693326
1801|卫村遗址|原平市|112.575928|38.62278295
1802|卫村东遗址|原平市|112.5895227|38.62895198
1803|塔岗梁墓群|原平市|112.5645039|38.60267651
1804|永兴遗址|原平市|112.6582959|38.66962183
1805|曹三泉遗址|原平市|112.6705197|38.68081746
1806|中三泉遗址|原平市|112.6704055|38.68864298
1807|北三泉遗址|原平市|112.6691488|38.69629714
1808|解村遗址|原平市|112.6646363|38.71052017
1809|下院遗址|原平市|112.6624086|38.71903113
1810|尚家庄遗址|原平市|112.6681206|38.73371112
1811|薛家庄南遗址|原平市|112.9564582|38.7173675
1812|薛家庄遗址|原平市|112.9605137|38.71939528
1813|枣坡遗址|原平市|112.963941|38.71314057
1814|都庄遗址|原平市|112.954259|38.71488275
1815|薛家庄墓群|原平市|112.9556442|38.72069477
1816|枣坡墓群|原平市|112.9617847|38.71235516
1817|刘河底遗址|原平市|112.9817198|38.72235127
1818|白沟遗址|原平市|112.983719|38.72260831
1819|高家岭石器出土点|原平市|112.982091|38.72066621
1820|城头遗址|原平市|112.9916587|38.70907073
1821|呼家崖遗址|原平市|113.0042253|38.71152692
1822|东社遗址|原平市|113.008852|38.7100989
1823|巴林沟石器出土点|原平市|113.0084522|38.70472957
1824|朱东社遗址|原平市|113.0151067|38.7271494
1825|体育南路墓群|原平市|112.7093117|38.71875267
1826|京原南路墓群|原平市|112.7091118|38.71441151
1827|李家庄遗址|原平市|112.7674937|39.03898122
1828|墩底尧遗址|原平市|112.7518392|39.03842951
1829|北郜遗址|原平市|112.7817345|38.99139698
1830|庄上坡遗址|原平市|112.7907686|38.99412101
1831|茹岳遗址|原平市|112.7957339|38.99698296
1832|郭家庄遗址|原平市|112.8531798|38.93243392
1833|水沟遗址|原平市|112.8231121|38.92822719
1834|南坡遗址|原平市|112.8230431|38.91457259
1835|神堂坡遗址|原平市|112.8169744|38.91388296
1836|北王就墓群|原平市|112.8235259|38.90464197
1837|北王就遗址|原平市|112.8191123|38.90119383
1838|朱家岗遗址|原平市|112.900833|38.88547035
1839|刘家庄西遗址|原平市|112.8886956|38.88147052
1840|永乐遗址|原平市|112.880558|38.88843574
1841|上长乐遗址|原平市|112.8928334|38.89650437
1842|南王就遗址|原平市|112.8578693|38.89374587
1843|下长乐遗址|原平市|112.8597313|38.90353856
1844|上合河遗址|原平市|112.7671834|38.85236828
1845|太子岭遗址|原平市|112.7691833|38.85560952
1846|白彪遗址|原平市|112.7474601|38.8611955
1847|太平庄遗址|原平市|112.7644249|38.86740213
1848|下连狄遗址|原平市|112.7204267|38.88622894
1849|岗上遗址|原平市|112.7260127|38.90319375
1850|白村遗址|原平市|112.7442878|38.92071027
1851|曹家庄遗址|原平市|112.7742866|38.91926205
1852|沙河遗址|原平市|112.7622871|38.9287789
1853|璜珥遗址|原平市|112.7477359|38.947054
1854|火石脑遗址|原平市|112.7834586|38.94146802
1855|后口遗址|原平市|112.3773418|38.90595657
1856|干柳沟遗址|原平市|112.6405809|38.8793456
1857|大厂沟遗址|原平市|112.5589636|38.93799834
1858|红池遗址|原平市|112.5342146|38.94986854
1859|上吉北遗址|原平市|112.7548089|38.90433379
1860|上吉遗址|原平市|112.7522487|38.90313125
1861|上吉墓群|原平市|112.7573692|38.90126926
1862|庄头墓群|原平市|112.7754848|38.90076497
1863|上王墓群|原平市|112.7368291|38.89254118
1864|崞阳城址|原平市|112.7603367|38.88689701
1865|崞阳墓群|原平市|112.7594445|38.88637333
1866|东桥墓群|原平市|112.7721875|38.88755647
1867|东桥遗址|原平市|112.7751357|38.88716855
1868|班政铺墓群|原平市|112.8222673|38.98561166
1869|班政铺遗址|原平市|112.8275042|38.98510738
1870|河头遗址|原平市|112.8302584|38.96280227
1871|东松彰墓群|原平市|112.874791|38.95896191
1872|前街遗址|原平市|112.8588089|38.94135057
1873|苏龙口墓群|原平市|112.8621062|38.94146695
1874|苏龙口遗址|原平市|112.8664896|38.94142815
1875|西松彰遗址|原平市|112.8665672|38.94747963
1876|东松彰遗址|原平市|112.8762263|38.9539966
1877|兰家垴遗址|原平市|112.8921308|38.95818608
1878|沙嘴梁遗址|原平市|112.8960875|38.9580697
1879|上政化遗址|原平市|112.9014408|38.95426814
1880|上道宏遗址|静乐县|111.8294573|38.43184372
1881|下道宏遗址|静乐县|111.852383|38.42020627
1882|宋家遗址|静乐县|111.9467627|38.4122928
1883|宋家村遗址|静乐县|111.9525815|38.41450392
1884|闹林沟遗址|静乐县|111.967361|38.42730511
1885|北华峁遗址|静乐县|111.978533|38.41950802
1886|杜家沟遗址|静乐县|111.9921488|38.42614137
1887|和尚峁墓群|静乐县|111.9658481|38.45058001
1888|五家庄墓群|静乐县|112.0023897|38.44592503
1889|五家庄遗址|静乐县|111.9945926|38.45663148
1890|段家寨遗址|静乐县|111.988192|38.4624502
1891|程子坪遗址|静乐县|112.0622062|38.46617419
1892|张湾遗址|静乐县|111.9827224|38.48083737
1893|段家寨汉墓|静乐县|111.9728306|38.49689705
1894|苍峪沟遗址|静乐县|111.9760891|38.48700522
1895|沟口遗址|静乐县|112.0119324|38.50318127
1896|沟口墓群|静乐县|112.0116997|38.49794442
1897|木瓜山墓群|静乐县|112.0133289|38.48048825
1898|沙王梁遗址|静乐县|112.0128634|38.47560052
1899|木瓜山遗址|静乐县|112.0048336|38.47548414
1900|下双路遗址|静乐县|112.0901361|38.48805259
1901|斗康遗址|静乐县|112.072098|38.47525139
1902|元洛寺遗址|静乐县|112.0919981|38.47397128
1903|双路遗址|静乐县|112.1157385|38.47082916
1904|元洛遗址|静乐县|112.1009589|38.46349757
1905|婆塔遗址|静乐县|111.8766907|38.3950912
1906|下王遗址|静乐县|111.8697665|38.39043622
1907|上高崖遗址|静乐县|111.8892592|38.37792597
1908|下高崖遗址|静乐县|111.9014203|38.36948882
1909|城庄遗址|静乐县|111.9625751|38.39503301
1910|西破崖遗址|静乐县|111.9039806|38.34941422
1911|张贵遗址|静乐县|111.9044461|38.31368725
1912|陶子沟遗址|静乐县|111.9044461|38.3098469
1913|东坡遗址|静乐县|111.9123595|38.30426092
1914|木树头遗址|静乐县|111.9189929|38.29506734
1915|木树头西北遗址|静乐县|111.9123595|38.28121877
1916|苏坊汉墓|静乐县|111.853474|38.26003862
1917|丰润遗址|静乐县|111.8841969|38.2482848
1918|子家山墓群|静乐县|111.8811712|38.24490994
1919|窑儿上墓群|静乐县|111.8435822|38.26760296
1920|东大树北遗址|静乐县|111.8928086|38.27761117
1921|东大树遗址|静乐县|111.9024677|38.27365443
1922|堡子梁墓群|静乐县|111.8960671|38.24048771
1923|前润子遗址|静乐县|111.9106139|38.24840117
1924|后润子遗址|静乐县|111.939242|38.2478193
1925|李家会遗址|静乐县|111.8733741|38.21674731
1926|湾子遗址|静乐县|111.8769817|38.21092859
1927|择善墓群|静乐县|111.9591421|38.24351344
1928|娘子神遗址|静乐县|112.0550346|38.35942242
1929|铺上遗址|静乐县|112.1197388|38.32707032
1930|东里上遗址|静乐县|112.1403371|38.32613932
1931|砚湾冲遗址|静乐县|112.1611682|38.32311359
1932|圪台坪遗址|静乐县|112.1679179|38.32020422
1933|康家会遗址|静乐县|112.1832793|38.32683757
1934|尚书会遗址|静乐县|112.2102782|38.33137617
1935|炭窑沟遗址|静乐县|112.2301782|38.33975514
1936|西坡崖墓群|静乐县|111.9103993|38.34752313
1937|沙会遗址|静乐县|111.9277682|38.34189352
1938|七条地遗址|静乐县|111.9312595|38.3426354
1939|赵王城城址|静乐县|111.9356235|38.34307181
1940|赵王城墓群|静乐县|111.9374128|38.34097707
1941|点将峁墓群|静乐县|111.9416023|38.3380968
1942|西山寺墓群|静乐县|111.9252371|38.35502929
1943|风神山遗址|静乐县|111.9114467|38.37322735
1944|风沟墓群|静乐县|111.9272882|38.38121354
1945|大梁峁遗址|静乐县|111.9302557|38.37924972
1946|杨家山遗址|静乐县|111.9632479|38.38474842
1947|石房山遗址|静乐县|111.9676556|38.37811507
1948|水泉湾遗址|静乐县|111.9984221|38.36764137
1949|西会遗址|静乐县|111.9992949|38.36506659
1950|城关遗址|静乐县|111.9722815|38.35646942
1951|东上崖遗址|静乐县|111.9686157|38.36174991
1952|杏树滩遗址|宁武县|111.9523378|38.63703101
1953|石家庄遗址|宁武县|112.009594|38.57977477
1954|坝门口遗址|宁武县|112.0869249|38.62472441
1955|店耳上遗址|宁武县|112.1200916|38.80722868
1956|苗庄墓群|宁武县|112.2244141|38.94253583
1957|苗庄城址|宁武县|112.2416957|38.94083386
1958|坝上遗址|宁武县|112.2575371|38.95379506
1959|马家湾遗址|宁武县|112.3088583|39.037061
1960|石湖河遗址|宁武县|112.309382|39.05342616
1961|石湖河石器出土点|宁武县|112.3278419|39.05329524
1962|前石湖遗址|宁武县|112.3536334|39.04570181
1963|北梁石器出土点|宁武县|112.3927788|39.05944854
1964|寺儿岩石器出土点|宁武县|112.4296986|39.10121243
1965|大石峁梁石器出土点|宁武县|112.4519552|39.07974134
1966|下白泉遗址|宁武县|112.5074659|39.11378088
1967|暖水湾遗址|宁武县|112.3288395|39.09662029
1968|河西遗址|宁武县|112.3200242|39.1027475
1969|东关墓群|宁武县|112.3155672|39.00422793
1970|刘家园遗址|宁武县|112.2831918|38.9832966
1971|杨庄遗址|宁武县|112.2814723|38.97264316
1972|杨庄墓群|宁武县|112.2674192|38.97151655
1973|杨庄西遗址|宁武县|112.2614106|38.97088406
1974|前梨树窊遗址|神池县|111.7503336|39.27157689
1975|北沙城城址|神池县|111.7964526|39.27470672
1976|冯家坡遗址|神池县|111.8229641|39.25196942
1977|东八角遗址|神池县|111.9078377|39.21201806
1978|川口遗址|神池县|111.9307591|39.20428554
1979|六家河遗址|神池县|112.0600948|39.27212921
1980|马坊遗址|神池县|112.0380018|39.2562039
1981|木瓜沟遗址|神池县|112.1612619|39.19153608
1982|桥上遗址|神池县|111.7812982|39.13317395
1983|寺沟遗址|神池县|111.8410412|39.09662858
1984|贺职遗址|神池县|111.8555857|39.09230205
1985|南坡底遗址|神池县|111.8952609|39.07361512
1986|东沙坡遗址|神池县|112.0094997|39.06597465
1987|西土棚遗址|神池县|112.0536855|39.10132332
1988|银洞窊遗址|神池县|112.0403377|39.12175927
1989|台墩子遗址|神池县|112.0284628|39.1607901
1990|大严备遗址|神池县|112.0243203|39.15443839
1991|三亩地遗址|神池县|112.198118|39.09681269
1992|刘家窑遗址|神池县|112.1295379|39.16364377
1993|万家峁遗址|神池县|112.165715|39.15848875
1994|李庄遗址|五寨县|111.5277359|39.12346227
1995|前兑堡遗址|五寨县|111.5547998|39.11554564
1996|兑堡遗址|五寨县|111.5663065|39.11526948
1997|肖家遗址|五寨县|111.5865583|39.10735285
1998|周家坪遗址|五寨县|111.5820477|39.10072497
1999|韩家楼遗址|五寨县|111.5802987|39.09704282
2000|田家坡遗址|五寨县|111.5323386|39.04374365
2001|下鹿角遗址|五寨县|111.5368493|39.03343362
2002|郝坡墓群|五寨县|111.5779973|39.02938325
2003|白草庄遗址|五寨县|111.6484185|39.03665551
2004|东秀庄遗址|五寨县|111.67493|39.00241148
2005|小双碾遗址|五寨县|111.7082535|39.00452872
2006|方城遗址|五寨县|111.8621675|39.00931552
2007|大武州墓群|五寨县|111.837405|39.05773583
2008|索家沟遗址|五寨县|111.7111992|39.11269197
2009|索家沟墓群|五寨县|111.714237|39.11609796
2010|北家围墓群|五寨县|111.6872652|39.15061815
2011|宋家寨遗址|五寨县|111.7044793|39.22195987
2012|何家梁遗址|五寨县|111.7002448|39.2262864
2013|杏岭子遗址|五寨县|111.6665804|38.95806311
2014|柳树咀遗址|五寨县|111.6719196|38.97131886
2015|五王城城址|五寨县|111.6952092|38.98006397
2016|前五王城墓群|五寨县|111.6669487|38.97813084
2017|柳树沟遗址|五寨县|111.6895939|38.97021421
2018|五王城村遗址|五寨县|111.7036781|38.97628977
2019|后五王城墓群|五寨县|111.7050589|38.98089246
2020|称打沟遗址|五寨县|111.8190216|38.89113997
2021|周家墓群|五寨县|111.8608542|38.90270298
2022|峰台梁遗址|五寨县|111.8680819|38.90234159
2023|南冯遗址|忻府区|112.5059726|38.25848573
2024|北冯遗址|忻府区|112.4999853|38.27192383
2025|碾沟遗址|忻府区|112.4982556|38.29866698
2026|张盛遗址|忻府区|112.4832209|38.31343558
2027|付家庄遗址|忻府区|112.4767015|38.3179593
2028|下水马遗址|忻府区|112.4747722|38.32813766
2029|观里遗址|忻府区|112.4632634|38.34303932
2030|三交遗址|忻府区|112.5105628|38.3738405
2031|南陀罗遗址|忻府区|112.4787637|38.41169337
2032|蒲阁寨遗址|忻府区|112.4405117|38.49578127
2033|王家沟遗址|忻府区|112.4485613|38.48620164
2034|连寺沟墓地|忻府区|112.5707016|38.25788701
2035|新社遗址|忻府区|112.5950499|38.24923873
2036|平社遗址|忻府区|112.5987753|38.27105901
2037|下冯遗址|忻府区|112.5776203|38.28902082
2038|南窑头遗址|忻府区|112.5693711|38.27731238
2039|北社遗址|忻府区|112.561255|38.32228344
2040|南张遗址|忻府区|112.595449|38.31070805
2041|磨垴遗址|忻府区|112.5861355|38.34955879
2042|月蜍遗址|忻府区|112.5826762|38.37763244
2043|北堡遗址|忻府区|112.5758906|38.37377398
2044|作头遗址|忻府区|112.5774872|38.44296023
2045|盘台头遗址|忻府区|112.5955821|38.4489475
2046|合索遗址|忻府区|112.5939855|38.45573308
2047|王家庄遗址|忻府区|112.6037647|38.51108208
2048|明威遗址|忻府区|112.603299|38.51507359
2049|明望墓群|忻府区|112.6050287|38.51939773
2050|肆卢城址|忻府区|112.6048291|38.54022014
2051|堡子坡遗址|忻府区|112.5585275|38.51959731
2052|烟村北遗址|忻府区|112.6969429|38.3794913
2053|烟村遗址|忻府区|112.6971915|38.37110854
2054|兰村遗址|忻府区|112.6949804|38.36181113
2055|小王遗址|忻府区|112.7092506|38.34520544
2056|大王遗址|忻府区|112.7061603|38.33206297
2057|西曲遗址|忻府区|112.736317|38.35600357
2058|田村遗址|忻府区|112.7302075|38.36641099
2059|向阳遗址|忻府区|112.6861447|38.30300745
2060|磨盘山遗址|忻府区|112.6682425|38.32169107
2061|下佐遗址|忻府区|112.6963745|38.27892476
2062|上佐遗址|忻府区|112.7134242|38.26947639
2063|豆罗遗址|忻府区|112.7073858|38.30620427
2064|韩沟遗址|忻府区|112.7883008|38.30641739
2065|晏村遗址|忻府区|112.7009211|38.32187755
2066|孙村遗址|忻府区|112.8934761|38.37744889
2067|孙村墓群|忻府区|112.8872956|38.37801721
2068|董村遗址|忻府区|112.8737979|38.38000634
2069|游邀遗址|忻府区|112.8549011|38.37410999
2070|南湖遗址|忻府区|112.8576362|38.41538445
2071|东楼遗址|忻府区|112.8091867|38.44706847
2072|西楼遗址|忻府区|112.7925632|38.44252188
2073|南梁遗址|忻府区|112.6736416|38.36082544
2074|钱塘沟遗址|忻府区|112.6527557|38.3603992
2075|卜吊梁遗址|忻府区|112.6253341|38.35769966
2076|河习头遗址|忻府区|112.6749203|38.39890309
2077|北村遗址|忻府区|112.6837293|38.38853119
2078|乔村遗址|忻府区|112.6615647|38.42916629
2079|上社遗址|忻府区|112.6263287|38.44962592
2080|土陵桥遗址|忻府区|112.6283178|38.46695977
2081|房庙遗址|忻府区|112.6240554|38.47292717
2082|西冯城遗址|忻府区|112.6202192|38.46866474
2083|东冯城遗址|忻府区|112.6349956|38.48471987
2084|岩口遗址|忻府区|112.6411051|38.47818415
2085|尹村遗址|忻府区|112.6588652|38.48329906
2086|河拱遗址|忻府区|112.6833031|38.4896927
2087|台坡遗址|忻府区|112.702413|38.47647918
2088|北赵遗址|忻府区|112.7028392|38.47242988
2089|小南高遗址|忻府区|112.6241265|38.52691786
2090|蔚野场遗址|忻府区|112.6538213|38.56286429
2091|金山铺遗址|忻府区|112.7392119|38.57678821
2092|忻口遗址|忻府区|112.7495838|38.60733557
2093|伏虎庄遗址|忻府区|112.8179246|38.58019814
2094|张村遗址|忻府区|112.7673439|38.56414302
2095|高村遗址|忻府区|112.827444|38.56016476
2096|代郡墓群|忻府区|112.8382422|38.54396755
2097|北曹张遗址|忻府区|112.8505322|38.52144775
2098|南曹张遗址|忻府区|112.8542973|38.5122125
2099|北兰台遗址|忻府区|112.8641009|38.50844736
2100|解村遗址|忻府区|112.8267336|38.50191164
2101|真檀遗址|忻府区|112.8522371|38.48088369
2102|曹家庄遗址|忻府区|112.827302|38.47761583
2103|北太平遗址|忻府区|112.7831859|38.493742
2104|阳村遗址|忻府区|112.7515019|38.47342445
2105|西冯城墓群|忻府区|112.6173776|38.47640814
2106|大河遗址|忻府区|112.6174464|38.21725061
2107|上社墓群|忻府区|112.6241908|38.44622708
2108|奇村墓群|忻府区|112.6182878|38.53591335
2109|九原岗墓群|忻府区|112.7062203|38.38869991
2110|顿村遗址|忻府区|112.700466|38.49881028
2111|杨沟遗址|忻府区|112.752394|38.30421309
2112|麻会遗址|忻府区|112.7319618|38.31722763
2113|庄子上遗址|忻府区|112.7702357|38.34748487
2114|西张遗址|忻府区|112.7786528|38.34783692
2115|东张遗址|忻府区|112.7961272|38.35098934
2116|小南宋遗址|忻府区|112.809601|38.35919843
2117|大南宋遗址|忻府区|112.8063205|38.35188546
2118|双堡遗址|忻府区|112.8307238|38.36065463
2119|赤岸遗址|代县|113.094344|39.21046399
2120|胡峪遗址|代县|113.1052894|39.20575936
2121|盆窑遗址|代县|113.1185392|39.21142412
2122|周流遗址|代县|112.9134198|38.97774695
2123|张村遗址|代县|112.9180644|38.98077135
2124|赵村遗址|代县|112.930054|38.98379575
2125|东段景遗址|代县|113.0906715|39.09829103
2126|青杨沟遗址|代县|113.1989289|38.90502625
2127|寺沟遗址|代县|113.1987129|38.90108372
2128|北王庄遗址|代县|112.8491711|39.11091909
2129|沙河墓群|代县|112.8764118|39.05155462
2130|上花庄遗址|代县|112.8534196|39.01462485
2131|阳明堡遗址|代县|112.8786995|39.01968082
2132|南关墓群|代县|112.8750469|39.00999181
2133|阳明堡石器出土点|代县|112.8758543|39.01545149
2134|小茹解遗址|代县|112.8545154|38.99445862
2135|广武县故城|代县|112.893656|39.03556005
2136|五里遗址|代县|112.9187436|39.04911314
2137|西关西遗址|代县|112.9294323|39.04861331
2138|西关遗址|代县|112.9315854|39.04553743
2139|刘家圪洞墓群|代县|112.9686498|39.01812366
2140|上桥庄遗址|代县|112.9859516|39.03523324
2141|下苑庄遗址|代县|112.9915266|39.0451145
2142|上苑庄遗址|代县|112.9935644|39.04153879
2143|下阳阁遗址|代县|112.9982551|39.04688313
2144|上阳阁遗址|代县|113.0037148|39.03930878
2145|双徐遗址|代县|113.0150955|39.04780589
2146|韩曲遗址|代县|112.9761857|39.09275218
2147|小烟旺遗址|代县|112.9537317|39.09617409
2148|北关墓群|代县|112.9412744|39.06514616
2149|十里铺遗址|代县|113.0002929|39.09444391
2150|侯家沟遗址|代县|113.0643818|39.13926197
2151|大敦素遗址|代县|113.0753049|39.13518
2152|小敦素遗址|代县|113.0886091|39.13642727
2153|段村遗址|代县|113.0994566|39.13846825
2154|东段景墓群|代县|113.0849429|39.10123911
2155|东段景遗址|代县|113.0884201|39.10093674
2156|西段景遗址|代县|113.0752671|39.09462479
2157|选仁遗址|代县|113.0391529|39.08135837
2158|高街遗址|代县|113.0426679|39.05831693
2159|下庄遗址|代县|113.0479405|39.06309341
2160|峨口遗址|代县|113.1987469|39.13081455
2161|西高泉遗址|代县|113.1100206|39.11031962
2162|东高泉遗址|代县|113.1174475|39.11763316
2163|枣林遗址|代县|113.1338604|39.15048741
2164|显旺遗址|代县|113.1435551|39.16395227
2165|西阳沟遗址|代县|113.0680386|39.15113939
2166|东阳沟遗址|代县|113.0762025|39.15499459
2167|柳树坡遗址|代县|113.1076394|39.18257629
2168|望台遗址|代县|113.1236838|39.18634645
2169|西留属遗址|代县|113.1760409|39.17941559
2170|东留属遗址|代县|113.1932192|39.17823919
2171|章望地遗址|代县|113.0667913|39.08723094
2172|东章遗址|代县|113.0657141|39.08541672
2173|四甲坪遗址|榆次区|112.7697809|37.8516369
2174|西左付遗址|榆次区|112.7986785|37.81069336
2175|什贴墓群|榆次区|112.8544312|37.801763
2176|柏林头遗址|榆次区|112.8868769|37.78230841
2177|大发东遗址|榆次区|112.9112892|37.70846268
2178|大沟遗址|榆次区|112.9027673|37.6951352
2179|大发遗址|榆次区|112.9046255|37.70481044
2180|小壁遗址|榆次区|112.901614|37.71487012
2181|东赵遗址|榆次区|112.8953988|37.7164079
2182|郭村遗址|榆次区|112.8590686|37.70160672
2183|李墕遗址|榆次区|112.8657484|37.69587206
2184|北合流遗址|榆次区|112.8177246|37.69077815
2185|源涡遗址|榆次区|112.7970926|37.69353334
2186|东郝遗址|榆次区|112.7954908|37.66425135
2187|西长凝南遗址|榆次区|112.8877579|37.62920266
2188|壁达南遗址|榆次区|112.873213|37.6325986
2189|峪壁遗址|榆次区|112.85854|37.64727164
2190|壁达东遗址|榆次区|112.8754556|37.63727603
2191|近城墓群|榆次区|112.7386248|37.66261745
2192|聂村遗址|榆次区|112.7420127|37.73420456
2193|鸣谦遗址|榆次区|112.7281406|37.76066728
2194|聂店遗址|榆次区|112.7376556|37.75384336
2195|流村遗址|榆次区|112.7461775|37.7618847
2196|峪头遗址|榆次区|112.7640863|37.76316619
2197|苏村遗址|榆次区|112.7662969|37.77194438
2198|神堂沟遗址|榆次区|112.7824597|37.78252466
2199|沛霖遗址|榆次区|112.7710704|37.79741395
2200|西长凝遗址|榆次区|112.883521|37.63356773
2201|下丁里遗址|榆次区|112.6898081|37.52083685
2202|修文墓群|榆次区|112.7145929|37.61745302
2203|榆城坪遗址|榆次区|112.8560571|37.62469743
2204|福堂遗址|榆次区|112.8281968|37.56299379
2205|东长凝遗址|榆次区|112.8916304|37.62487764
2206|砖窑街城址|榆次区|112.7538165|37.68869191
2207|下小沿遗址|繁峙县|113.5430663|39.31764215
2208|曹家寨遗址|繁峙县|113.5693615|39.31143698
2209|义兴寨遗址|繁峙县|113.595288|39.36685343
2210|松涧遗址|繁峙县|113.6349765|39.3730586
2211|柏家庄遗址|繁峙县|113.6883041|39.35413591
2212|上台庄遗址|繁峙县|113.7596943|39.33656484
2213|卤城故城|繁峙县|113.7483898|39.3164134
2214|小庄遗址|繁峙县|113.7485127|39.30959386
2215|北河会墓群|繁峙县|113.7252894|39.31026967
2216|北河会遗址|繁峙县|113.7320475|39.30197564
2217|横涧遗址|繁峙县|113.886378|39.2823157
2218|山会遗址|繁峙县|113.6259453|39.24176708
2219|小柏峪遗址|繁峙县|113.7341364|39.24072264
2220|砂河遗址|繁峙县|113.5420219|39.27187136
2221|泉沟遗址|繁峙县|113.5522819|39.28520325
2222|代堡遗址|繁峙县|113.5708974|39.27850659
2223|横道遗址|繁峙县|113.6263139|39.3086723
2224|高营盘遗址|繁峙县|113.6909459|39.30689062
2225|中虎峪遗址|繁峙县|113.6524862|39.31678203
2226|白堡遗址|繁峙县|113.2008913|39.25417741
2227|高升寨墓群|繁峙县|113.2046697|39.2339031
2228|大沟遗址|繁峙县|113.4116519|39.23288939
2229|瓦磁地遗址|繁峙县|113.3955246|39.21961893
2230|下永兴遗址|繁峙县|113.429991|39.23611484
2231|光裕堡遗址|繁峙县|113.4005011|39.19012902
2232|繁峙县故城|繁峙县|113.2835552|39.17870168
2233|大宋峪遗址|繁峙县|113.4876806|39.18570553
2234|苏家口遗址|繁峙县|113.5144058|39.21639347
2235|苏家口墓群|繁峙县|113.5095216|39.22772865
2236|集义庄遗址|繁峙县|113.475516|39.2385109
2237|三圣地遗址|繁峙县|113.4605868|39.22874237
2238|上双井遗址|繁峙县|113.4792944|39.28965746
2239|和村遗址|繁峙县|113.5091529|39.29467996
2240|后河遗址|繁峙县|113.5061118|39.31311115
2241|下双井遗址|繁峙县|113.466669|39.24316477
2242|圣水头墓群|繁峙县|113.3077261|39.19554163
2243|圣水头遗址|繁峙县|113.3104845|39.19353552
2244|作头遗址|繁峙县|113.3345997|39.20440198
2245|作头北遗址|繁峙县|113.3343908|39.20235407
2246|姚家庄遗址|繁峙县|113.3414122|39.19111146
2247|牛家窑遗址|繁峙县|113.3383612|39.18647232
2248|福连坊遗址|繁峙县|113.3560819|39.20473633
2249|中咸阳遗址|太谷县|112.5567369|37.37775516
2250|东咸阳遗址|太谷县|112.5641847|37.37251105
2251|西山底遗址|太谷县|112.5655794|37.36297124
2252|平田亩遗址|太谷县|112.5777412|37.33030715
2253|西山底东遗址|太谷县|112.5694288|37.35369642
2254|东庄遗址|太谷县|112.6273371|37.36231573
2255|砖井地遗址|太谷县|112.5805585|37.40097707
2256|侯城墓群|太谷县|112.5864163|37.38845258
2257|石窑地遗址|太谷县|112.6182994|37.43984761
2258|沙沟遗址|太谷县|112.6499732|37.45471522
2259|郭里遗址|太谷县|112.6492759|37.4303357
2260|西沙坡遗址|太谷县|112.6690668|37.43691872
2261|阳邑遗址|太谷县|112.674799|37.43340406
2262|岗上遗址|太谷县|112.6795271|37.44089365
2263|大白园遗址|太谷县|112.6817029|37.44537066
2264|河西遗址|太谷县|112.6486064|37.39993103
2265|北野头遗址|太谷县|112.7640883|37.40825745
2266|下土河遗址|太谷县|112.7425819|37.42089352
2267|南垴遗址|太谷县|112.7397367|37.42407345
2268|王村遗址|太谷县|112.7363894|37.43411536
2269|东里遗址|太谷县|112.7667871|37.44045431
2270|白燕遗址|太谷县|112.7231709|37.44332567
2271|大白遗址|太谷县|112.7047992|37.4552452
2272|卧龙岗遗址|太谷县|112.7324772|37.44796482
2273|桥底遗址|太谷县|112.7630392|37.46609954
2274|内贾遗址|太谷县|112.7633777|37.51180947
2275|任村墓群|太谷县|112.7254229|37.52181653
2276|西岗上遗址|太谷县|112.7128135|37.52714798
2277|中吾遗址|太谷县|112.7087092|37.48970086
2278|孟高墓群|太谷县|112.6837444|37.49456687
2279|和仙地遗址|太谷县|112.6878911|37.48796602
2280|上庄遗址|太谷县|112.708286|37.47459507
2281|西吾遗址|太谷县|112.6758742|37.47933414
2282|东贾遗址|太谷县|112.7921185|37.51557106
2283|南崖头遗址|太谷县|112.7775675|37.50171904
2284|西仉遗址|太谷县|112.8005059|37.49695344
2285|枣涧遗址|太谷县|112.8051445|37.49695344
2286|磨堆地遗址|太谷县|112.785955|37.48437225
2287|温庄遗址|太谷县|112.8273998|37.48891546
2288|西南台遗址|太谷县|112.7708083|37.4755956
2289|南岭遗址|太谷县|112.7978134|37.47562737
2290|西沟遗址|太谷县|112.8324116|37.46117171
2291|南田受遗址|太谷县|112.8269471|37.45646965
2292|西曲河墓群|太谷县|112.8325387|37.45297488
2293|祁城墓群|祁县|112.3643277|37.35378943
2294|祁城东遗址|祁县|112.3767686|37.34573112
2295|梁家堡遗址|祁县|112.3838373|37.34700349
2296|温曲遗址|祁县|112.3771927|37.34035892
2297|梁村遗址|祁县|112.4242702|37.30261212
2298|祁任遗址|祁县|112.3957127|37.26804624
2299|河南遗址|祁县|112.4022159|37.25235375
2300|祁奚父子墓|祁县|112.3272171|37.32367681
2301|祁城西遗址|祁县|112.3611468|37.34954821
2302|北团柏遗址|祁县|112.4811731|37.3566169
2303|韩裔墓|祁县|112.494639|37.41084258
2304|王乔堡遗址|祁县|112.4419949|37.34141922
2305|鲁村遗址|祁县|112.4764283|37.31342722
2306|峪口遗址|祁县|112.494311|37.31681687
2307|弯沟遗址|祁县|112.4399174|37.30214493
2308|东磨支遗址|祁县|112.4873328|37.24047504
2309|盘陀遗址|祁县|112.4892414|37.22377526
2310|集林坪北遗址|祁县|112.5002155|37.17999799
2311|西团城遗址|祁县|112.4859014|37.17964014
2312|集林坪遗址|祁县|112.5061797|37.16759244
2313|坡底墓群|尧都区|111.2925329|36.12241548
2314|姑射遗址|尧都区|111.4073227|36.1191985
2315|金城堡东遗址|尧都区|111.4633261|36.14127052
2316|金城堡遗址|尧都区|111.4531135|36.13994288
2317|高堆遗址|尧都区|111.4713941|36.12942388
2318|官场墓群|尧都区|111.4806876|36.13790035
2319|嘉泉遗址|尧都区|111.4943725|36.14127052
2320|氵毛淇遗址|尧都区|111.5113254|36.13861524
2321|官场遗址|尧都区|111.4869173|36.13861524
2322|高堆墓群|尧都区|111.4815046|36.13024089
2323|高堆南遗址|尧都区|111.4776238|36.12605372
2324|孔家庄遗址|尧都区|111.4598539|36.09807116
2325|城居遗址|尧都区|111.4300394|36.03283809
2326|下靳遗址|尧都区|111.4339202|36.02446374
2327|下靳墓群|尧都区|111.4430094|36.02170634
2328|下靳汉墓|尧都区|111.4356563|36.01568089
2329|沙沟遗址|尧都区|111.4306522|36.01404688
2330|金井汉墓|尧都区|111.4866173|36.01956169
2331|柴村汉墓|尧都区|111.5101063|36.04488897
2332|神刘遗址|尧都区|111.4625155|36.03620825
2333|伊村东遗址|尧都区|111.4611879|36.04233582
2334|杜村墓群|尧都区|111.4661921|36.05428458
2335|杜村北遗址|尧都区|111.4599624|36.05326331
2336|杜村遗址|尧都区|111.4594517|36.04948465
2337|伊村遗址|尧都区|111.4469923|36.04049755
2338|饮马井遗址|尧都区|111.4523029|36.03825077
2339|西赵遗址|尧都区|111.4954001|36.07481193
2340|西赵墓群|尧都区|111.4962171|36.06745885
2341|郭村遗址|尧都区|111.4921321|36.06357805
2342|坟上遗址|尧都区|111.4675069|36.17290409
2343|南庄遗址|尧都区|111.4718728|36.15467457
2344|东涧北遗址|尧都区|111.4834386|36.21311626
2345|羊舍遗址|尧都区|111.4992171|36.22468204
2346|南峪遗址|尧都区|111.4981448|36.23486913
2347|魏村遗址|尧都区|111.5038128|36.23479253
2348|沟北遗址|尧都区|111.4772344|36.23149896
2349|魏村西遗址|尧都区|111.4972256|36.23823929
2350|车辐东遗址|尧都区|111.4910215|36.25026464
2351|车辐遗址|尧都区|111.480528|36.25547307
2352|西郭东遗址|尧都区|111.4768898|36.24681788
2353|西郭西北遗址|尧都区|111.4682346|36.24919232
2354|西郭遗址|尧都区|111.4690771|36.24559237
2355|北峪遗址|尧都区|111.4860045|36.2395414
2356|前庄遗址|尧都区|111.4061929|36.19940582
2357|前仓遗址|尧都区|111.1816176|36.16034257
2358|河底遗址|尧都区|111.192111|36.15130441
2359|吴家庄遗址|尧都区|111.4705324|36.27554086
2360|西沟遗址|尧都区|111.450771|36.2635921
2361|七里遗址|尧都区|111.5337996|36.04332091
2362|程村遗址|尧都区|111.5397739|36.04163583
2363|贾材遗址|尧都区|111.5358676|36.0349721
2364|东侯遗址|尧都区|111.5823605|36.02133826
2365|店上遗址|尧都区|111.5895604|36.02470842
2366|县底北遗址|尧都区|111.6024571|36.03121258
2367|上官遗址|尧都区|111.6160909|36.04188476
2368|县底遗址|尧都区|111.6052145|36.02585096
2369|县底墓群|尧都区|111.6050613|36.02176591
2370|朱村遗址|尧都区|111.5883126|36.01701704
2371|朱村墓群|尧都区|111.5916827|36.01344263
2372|桃园遗址|尧都区|111.5566024|35.97897506
2373|南席遗址|尧都区|111.5826446|35.98316223
2374|杨村遗址|尧都区|111.5804744|35.97654956
2375|大王遗址|尧都区|111.5662789|35.96255828
2376|大王东遗址|尧都区|111.5749596|35.95908599
2377|小苏西遗址|尧都区|111.571283|35.94754574
2378|小苏遗址|尧都区|111.5790957|35.94407345
2379|小苏墓群|尧都区|111.5762106|35.94044797
2380|柏壁遗址|尧都区|111.5931125|35.94616703
2381|柏壁北遗址|尧都区|111.5971976|35.94861806
2382|黎峰山遗址|尧都区|111.5940827|35.93534166
2383|曲河遗址|尧都区|111.6652136|35.9305928
2384|苏寨遗址|尧都区|111.6648561|35.9343204
2385|北曲河遗址|尧都区|111.6820133|35.94182667
2386|上吴庄遗址|尧都区|111.7065236|35.97389428
2387|赵南河遗址|尧都区|111.6920217|35.94284793
2388|北席遗址|尧都区|111.6031719|35.98757918
2389|翟家庄遗址|尧都区|111.6232908|35.98563879
2390|涧沟遗址|尧都区|111.6372821|35.98798769
2391|城隍城址|尧都区|111.6280907|36.03384233
2392|古贤墓群|尧都区|111.6934514|36.04926337
2393|古贤遗址|尧都区|111.6989663|36.04967188
2394|古贤东遗址|尧都区|111.6975365|36.04599534
2395|老母村遗址|尧都区|111.6969237|36.04063371
2396|北遆遗址|尧都区|111.7278424|36.05056548
2397|兰里遗址|尧都区|111.7211021|36.03391892
2398|上阳遗址|尧都区|111.7124214|36.06307593
2399|官雀遗址|尧都区|111.7346338|36.03070195
2400|西河堤遗址|尧都区|111.7216638|36.06966307
2401|青龙堡遗址|尧都区|111.772829|36.04055712
2402|坂下遗址|尧都区|111.5242795|36.10165408
2403|南孝墓群|尧都区|111.528705|36.10556892
2404|建设路墓群|尧都区|111.5351729|36.1042583
2405|太涧庄墓群|尧都区|111.5514163|36.18510231
2406|韩村北遗址|尧都区|111.5686246|36.16227712
2407|韩村遗址|尧都区|111.5683182|36.14849009
2408|东芦遗址|尧都区|111.5605566|36.14563056
2409|西张堡墓群|尧都区|111.5597396|36.12786061
2410|北焦堡遗址|尧都区|111.5395697|36.11729055
2411|樊家河遗址|尧都区|111.5468717|36.09681426
2412|下康庄墓群|尧都区|111.5562163|36.09701851
2413|下康庄遗址|尧都区|111.5641821|36.0953845
2414|上康庄墓群|尧都区|111.5624459|36.08711228
2415|南羊遗址|尧都区|111.593237|36.14159658
2416|北高南遗址|尧都区|111.6140707|36.14062638
2417|北高遗址|尧都区|111.6192791|36.15191132
2418|南麻遗址|尧都区|111.6347513|36.1450178
2419|北麻遗址|尧都区|111.6394491|36.15298364
2420|上村遗址|尧都区|111.7502559|36.07896772
2421|北永安遗址|尧都区|111.5738554|36.119361
2422|王村西遗址|尧都区|111.5992557|36.12837102
2423|王村东南遗址|尧都区|111.605523|36.12603123
2424|王村遗址|尧都区|111.6000078|36.1258641
2425|南高遗址|尧都区|111.5975426|36.12013996
2426|南侯遗址|尧都区|111.6271034|36.11742413
2427|乔李遗址|尧都区|111.6244711|36.11387266
2428|乔李墓群|尧都区|111.6305713|36.11132396
2429|乔李城址|尧都区|111.6338303|36.11186712
2430|西段遗址|尧都区|111.6296103|36.10330181
2431|东堡头遗址|尧都区|111.6552227|36.1000846
2432|东堡头南遗址|尧都区|111.6540946|36.09678382
2433|东段遗址|尧都区|111.6383428|36.09832975
2434|阎马庄遗址|尧都区|111.6138585|36.10221548
2435|东张遗址|尧都区|111.6089073|36.10833654
2436|东堡头西遗址|尧都区|111.6512534|36.09782837
2437|大堡遗址|尧都区|111.6733352|36.0875291
2438|王雅遗址|尧都区|111.6639499|36.08104706
2439|坡子遗址|尧都区|111.6808559|36.07950696
2440|新大堡遗址|尧都区|111.6841139|36.08341266
2441|贤庄遗址|尧都区|111.7060505|36.0924176
2442|大阳遗址|尧都区|111.7008277|36.08130358
2443|孝养遗址|尧都区|111.6923878|36.07516163
2444|北合理庄遗址|尧都区|111.6765796|36.05606087
2445|陈埝遗址|尧都区|111.6666565|36.06100265
2446|上陈遗址|尧都区|111.6874157|36.04938213
2447|南合理庄汉墓|尧都区|111.6507729|36.05134588
2448|南合理庄墓群|尧都区|111.6491016|36.04900609
2449|庞杜遗址|尧都区|111.6444337|36.05536337
2450|靳里沟遗址|尧都区|111.657366|36.06218868
2451|东里遗址|尧都区|111.632578|36.05681202
2452|北王北遗址|尧都区|111.6168459|36.09053741
2453|北王遗址|尧都区|111.6165117|36.08844831
2454|南练李南遗址|尧都区|111.6353136|36.07094164
2455|龙王沟遗址|尧都区|111.6234892|36.07821171
2456|南练李遗址|尧都区|111.6336841|36.07415886
2457|千伏遗址|尧都区|111.6257455|36.07428421
2458|西张遗址|尧都区|111.6032668|36.11126129
2459|泉坡遗址|尧都区|111.5904397|36.10549537
2460|泉坡西遗址|尧都区|111.5853005|36.10532824
2461|西孔郭墓群|尧都区|111.5909411|36.09446492
2462|西孔郭遗址|尧都区|111.5948268|36.0945067
2463|西孔墓群|尧都区|111.5769232|36.10163053
2464|西王遗址|尧都区|111.5821668|36.08264061
2465|西王东遗址|尧都区|111.5867002|36.0831211
2466|段店东遗址|尧都区|111.5808716|36.0731352
2467|段店遗址|尧都区|111.5777797|36.07133857
2468|东王遗址|尧都区|111.6010523|36.08404031
2469|东王东南遗址|尧都区|111.601303|36.0814916
2470|赵下遗址|尧都区|111.6130437|36.07998745
2471|东孔郭南遗址|尧都区|111.6080717|36.08867811
2472|东孔郭遗址|尧都区|111.6108711|36.09022404
2473|南北庄城址|平遥县|112.1404458|37.2256032
2474|南北庄墓群|平遥县|112.1468871|37.2256703
2475|京陵遗址|平遥县|112.2078786|37.24257882
2476|东大阎遗址|平遥县|112.2534377|37.25264342
2477|五里庄城址|平遥县|112.2151251|37.22285221
2478|阎良庄遗址|平遥县|112.2467279|37.22130897
2479|庞庄遗址|平遥县|112.2500828|37.20695015
2480|西郭遗址|平遥县|112.2163328|37.20158236
2481|北堡遗址|平遥县|112.2543099|37.17665571
2482|梁赵遗址|平遥县|112.1679892|37.14250317
2483|梁赵墓群|平遥县|112.1624201|37.13887992
2484|偏城遗址|平遥县|112.2542764|37.10150672
2485|段村遗址|平遥县|112.1847636|37.0918447
2486|希尧遗址|平遥县|112.1931507|37.08600724
2487|旭庄遗址|平遥县|112.1993908|37.08580594
2490|西卜宜遗址|平遥县|112.2319665|37.10281511
2491|东大阎墓群|平遥县|112.2691426|37.25403988
2492|罗鸣遗址|平遥县|112.3111623|37.25372536
2493|长则遗址|平遥县|112.3255673|37.23296713
2494|窑头遗址|平遥县|112.3559498|37.24114461
2495|上汪遗址|平遥县|112.3478352|37.22969613
2496|北依涧遗址|平遥县|112.3357577|37.21547989
2497|侯家庄遗址|平遥县|112.376305|37.19821307
2498|郭休遗址|平遥县|112.3075605|37.16513426
2499|庙西遗址|平遥县|112.2981457|37.1648374
2500|东侯壁遗址|平遥县|112.3173993|37.15974835
2501|乔家山遗址|平遥县|112.3280863|37.15957871
2502|河西凹遗址|平遥县|112.3349565|37.13752617
2503|梁坡底遗址|平遥县|112.2662119|37.10894268
2504|下沟西遗址|平遥县|112.2609957|37.10932436
2505|东泉遗址|平遥县|112.2902577|37.11666107
2506|梁坡底东遗址|平遥县|112.2778743|37.09490538
2507|后河底遗址|灵石县|111.6744569|36.75733248
2508|南关遗址|灵石县|111.6839766|36.70303646
2509|堡沟遗址|灵石县|111.6789894|36.67473111
2510|下园遗址|灵石县|111.5800958|36.74790606
2511|王禹遗址|灵石县|111.5904727|36.74826389
2512|高地原遗址|灵石县|111.5983449|36.7417336
2513|坛镇遗址|灵石县|111.5995525|36.79724101
2514|槐树原遗址|灵石县|111.5867603|36.8015349
2515|吴家沟遗址|灵石县|111.5397289|36.87562677
2516|峪口遗址|灵石县|111.6465392|36.89064046
2517|漫河遗址|灵石县|111.6146929|36.91890854
2518|南头遗址|灵石县|111.604946|36.92890896
2519|刘家庄遗址|灵石县|111.7566957|36.8618537
2520|河洲遗址|灵石县|111.7542049|36.8746473
2521|南王中遗址|灵石县|111.8118044|36.85562673
2522|玉成遗址|灵石县|111.7647908|36.81087745
2523|许家店遗址|灵石县|111.7242589|36.81152845
2524|许家店东遗址|灵石县|111.7288725|36.80869801
2525|靳村遗址|灵石县|111.721202|36.80210308
2526|来全遗址|灵石县|111.7285328|36.77470441
2527|岭后遗址|灵石县|111.8131521|36.77458874
2528|将军城汉墓|灵石县|111.8890896|36.77610076
2529|圪曹遗址|灵石县|111.7403924|36.73168169
2530|老坟园遗址|灵石县|111.7500159|36.72805873
2531|湾道岭遗址|灵石县|111.7655833|36.72698316
2532|仁义遗址|灵石县|111.7745841|36.74339972
2533|文长阁遗址|灵石县|111.7801318|36.73541788
2534|道阡遗址|灵石县|111.8083796|36.74215433
2535|程家坡遗址|灵石县|111.8167577|36.73219117
2536|师家沟遗址|灵石县|111.8357783|36.73790866
2537|前庄墓群|灵石县|111.8459679|36.73145526
2538|前庄遗址|灵石县|111.8505532|36.73502161
2539|乔家山遗址|灵石县|111.8554498|36.72686994
2540|西许遗址|灵石县|111.8645072|36.73938049
2541|东后庄遗址|灵石县|111.8618466|36.74362616
2542|马和遗址|灵石县|111.8889288|36.86563824
2543|马和墓群|灵石县|111.8892915|36.85880729
2544|旌介遗址|灵石县|111.9183382|36.89979302
2545|张村遗址|灵石县|111.7650951|36.92998826
2546|军营坊遗址|灵石县|111.7459623|36.92116998
2547|西里遗址|灵石县|111.8285742|36.88997163
2548|两渡遗址|灵石县|111.7814947|36.92377976
2549|上原遗址|灵石县|111.8809152|36.89689569
2550|静升遗址|灵石县|111.8808184|36.89533026
2551|茶房岭遗址|灵石县|111.8810121|36.8895527
2552|集广遗址|灵石县|111.8937292|36.89804152
2553|横岭遗址|和顺县|113.1737508|37.30389194
2554|仪城村遗址|和顺县|113.1347433|37.37066523
2555|石拐遗址|和顺县|113.1419218|37.36592473
2556|沙峪遗址|和顺县|113.2736399|37.26048253
2557|寒湖遗址|和顺县|113.3119702|37.29122804
2558|西河遗址|和顺县|113.1935932|37.5159276
2559|北军城遗址|和顺县|113.2037514|37.51403141
2560|马坊遗址|和顺县|113.2428944|37.53922376
2561|独堆遗址|和顺县|113.2605019|37.5168757
2562|寺头遗址|和顺县|113.2860329|37.49869251
2563|东喂马遗址|和顺县|113.512908|37.26612033
2564|平松遗址|和顺县|113.6519062|37.26984501
2565|邢村遗址|和顺县|113.6276958|37.32334491
2566|松烟遗址|和顺县|113.692539|37.20483247
2567|马连曲洞穴遗址|和顺县|113.6613871|37.16013636
2568|范庄洞穴遗址|和顺县|113.8190087|37.2160065
2569|背窑湾洞穴遗址|和顺县|113.8323837|37.23750804
2570|河北遗址|和顺县|113.5919727|37.34179898
2571|井玉沟遗址|和顺县|113.5708098|37.35856003
2572|北关城址|和顺县|113.5505357|37.35682467
2573|北仓遗址|和顺县|113.579381|37.32741414
2574|辉沟遗址|榆社县|113.0780468|37.27369112
2575|辉沟城址|榆社县|113.0777085|37.26912508
2576|上城南遗址|榆社县|113.0771167|37.25703354
2577|郜村遗址|榆社县|113.0839657|37.24637945
2578|孟家庄遗址|榆社县|113.0427868|37.17112438
2579|赵王东遗址|榆社县|112.9961118|37.15302934
2580|赵王遗址|榆社县|112.9884171|37.14930886
2581|南山㟦遗址|榆社县|112.9291432|37.14939342
2582|更修遗址|榆社县|112.9522271|37.16545911
2583|北翟管遗址|榆社县|112.9501132|37.18609084
2584|南翟管遗址|榆社县|112.9578078|37.18042557
2585|上沟遗址|榆社县|112.9555248|37.19699859
2587|东坪遗址|榆社县|112.9488448|37.20570789
2588|东形彰遗址|榆社县|112.783791|37.14871697
2589|双峰遗址|榆社县|112.9529035|37.23056743
2590|道陆遗址|榆社县|112.9603445|37.25322851
2591|西形彰遗址|榆社县|112.7727141|37.13814744
2592|砂沟遗址|榆社县|112.7716994|37.13451152
2593|后河墓群|榆社县|112.7766037|37.12182808
2594|河峪墓群|榆社县|112.7858203|37.11523269
2595|高家坪遗址|榆社县|112.7949524|37.11506358
2596|鱼头遗址|榆社县|112.7987575|37.10990565
2597|大沟遗址|榆社县|112.7810852|37.10364848
2598|向阳遗址|榆社县|112.7745744|37.04894058
2599|大堰遗址|榆社县|112.8001949|37.04784135
2600|河凹墓群|榆社县|112.7851439|37.09248706
2601|马家台遗址|榆社县|112.8231097|37.03160655
2602|寨上遗址|榆社县|112.8324954|37.02966176
2603|乔家沟遗址|榆社县|112.8801429|37.02983087
2604|桃阳东遗址|榆社县|112.8934182|37.02458838
2605|桃阳遗址|榆社县|112.899168|37.03236756
2606|牛村扇遗址|榆社县|112.8924035|37.01097482
2607|金藏遗址|榆社县|112.8770143|37.0174011
2608|东庄墓群|榆社县|112.9192078|37.02332004
2609|邓峪遗址|榆社县|112.9601331|36.99135777
2610|上石拐遗址|榆社县|112.9418266|36.97165616
2611|台曲遗址|榆社县|112.9603445|36.96603317
2612|十亩上遗址|榆社县|112.9324409|36.96375015
2613|北柏坡遗址|榆社县|112.937176|36.94337209
2614|常银墓群|榆社县|112.9449552|36.94125819
2615|常银遗址|榆社县|112.949944|36.93770682
2616|魏城遗址|榆社县|112.9368378|36.92908209
2617|松树坟遗址|榆社县|112.9540027|36.92451605
2618|南砂坪遗址|榆社县|112.9350621|36.90861947
2619|东方山遗址|榆社县|112.9321872|36.90422255
2620|岚峪遗址|榆社县|113.0875171|36.95377251
2621|讲堂遗址|榆社县|113.0910684|37.00129313
2622|杜余沟墓群|榆社县|112.9861764|37.05342206
2623|河南街墓群|榆社县|112.967574|37.06137035
2624|北瓦窑遗址|榆社县|112.9736621|37.0694032
2625|常家坪遗址|榆社县|112.9737466|37.07396924
2626|三角坪墓群|榆社县|112.9740849|37.07768971
2627|墩疙瘩遗址|榆社县|112.9608095|37.09147238
2628|东汇遗址|榆社县|113.0055398|37.08064918
2629|沿壁遗址|榆社县|113.0153483|37.08479244
2630|王景遗址|榆社县|113.053145|37.10347937
2631|南坪遗址|榆社县|112.9567508|37.10821452
2632|幸福坪遗址|榆社县|112.930792|37.11658559
2633|南山遗址|榆社县|112.9406006|37.11590914
2634|北白遗址|榆社县|112.9392477|37.13112927
2635|小牛沟墓群|榆社县|112.9250422|37.14017679
2636|大寨遗址|榆社县|112.9531995|37.1308756
2637|东黄漳遗址|左权县|113.61574|36.95698565
2638|前柴遗址|左权县|113.5274633|36.79599053
2639|下麻田遗址|左权县|113.5242502|36.77603526
2640|羊角遗址|左权县|113.7489161|36.90223547
2641|大南庄遗址|左权县|113.733696|36.986073
2642|小南庄遗址|左权县|113.7357254|37.01664009
2643|下庄遗址|左权县|113.7347107|37.0210793
2644|寒王遗址|左权县|113.4598394|37.2095552
2645|平王遗址|左权县|113.4554002|37.19826694
2646|下丰垢遗址|左权县|113.4211549|37.15704576
2647|梁峪遗址|左权县|113.3577377|37.00636651
2648|滩里遗址|左权县|113.454766|36.86621451
2649|城西北墓群|左权县|113.3704927|37.08581778
2650|城北遗址|左权县|113.3766102|37.08344753
2651|李家会遗址|文水县|111.6545997|37.53766047
2652|陈家社遗址|文水县|111.6611515|37.53196796
2653|穆家寨遗址|文水县|111.96807|37.39275336
2654|上贤墓群|文水县|111.9708894|37.3711044
2655|上贤遗址|文水县|111.9780386|37.36707668
2656|上贤战国墓|文水县|111.9842816|37.35751086
2657|乐村遗址|文水县|112.0110659|37.40977046
2658|冀周墓群|文水县|112.0334701|37.41747346
2659|章多墓葬|文水县|112.028234|37.46026793
2660|南相龙遗址|文水县|112.0321611|37.45583744
2661|南徐遗址|文水县|112.0419283|37.47265315
2662|北峪口遗址|文水县|112.0612613|37.50396863
2663|西峪口遗址|文水县|112.0179634|37.50860051
2664|西夏祠遗址|文水县|112.0068749|37.39465073
2665|孝义遗址|文水县|112.0046706|37.39317223
2666|马东遗址|文水县|111.9963104|37.38346792
2667|孝义墓群|文水县|111.9981921|37.38223136
2668|南梁遗址|文水县|111.9947513|37.3781991
2669|开栅遗址|文水县|112.0576008|37.50976174
2670|寺坡遗址|文水县|112.0531653|37.51183164
2671|阳蒿塔墓群|岢岚县|111.5352212|38.6862281
2672|梁家会城址|岢岚县|111.5249389|38.68671197
2673|南移庄遗址|岢岚县|111.5163502|38.69384908
2674|梁家会北城址|岢岚县|111.5193744|38.68840552
2675|马蒲塔遗址|岢岚县|111.5231244|38.81227663
2676|后牛栏遗址|岢岚县|111.5226405|38.95913163
2677|龙头堡遗址|岢岚县|111.5029228|38.94219613
2678|荒沟遗址|岢岚县|111.5032857|38.93360741
2679|李家沟遗址|岢岚县|111.517076|38.91098642
2680|樊家洼遗址|岢岚县|111.4783663|38.90747835
2681|前长柳遗址|岢岚县|111.4690518|38.90009931
2682|石佛河遗址|岢岚县|111.4388098|38.95562356
2683|神堂梁遗址|岢岚县|111.370221|38.88376864
2684|华咀渠遗址|岢岚县|111.4021565|38.87106702
2685|华咀渠南遗址|岢岚县|111.4109872|38.86647024
2686|堡子梁东北遗址|岢岚县|111.3621161|38.86949444
2687|堡子梁遗址|岢岚县|111.3489306|38.87155089
2688|庙梁遗址|岢岚县|111.336471|38.87276057
2689|长塔遗址|岢岚县|111.3798984|38.85050248
2690|大化遗址|岢岚县|111.3371968|38.83767988
2691|瓜塔遗址|岢岚县|111.3014508|38.82552261
2692|寨山梁遗址|岢岚县|111.2925596|38.82552261
2693|果子梁遗址|岢岚县|111.2741423|38.8216214
2694|杏树湾遗址|岢岚县|111.2633459|38.78932298
2695|张家沟遗址|岢岚县|111.2490112|38.78896007
2696|芦子河遗址|岢岚县|111.2764104|38.77734716
2697|娘娘庙遗址|岢岚县|111.2241523|38.77607699
2698|咀子遗址|岢岚县|111.7079765|38.85829735
2699|安吉遗址|岢岚县|111.7220617|38.85054028
2700|古城遗址|岢岚县|111.7179791|38.84615142
2701|新寨遗址|岢岚县|111.7075683|38.83533235
2702|谷河遗址|岢岚县|111.6963409|38.83471995
2703|卡修坪遗址|岢岚县|111.7482929|38.84604935
2704|丈子遗址|岢岚县|111.7468639|38.82420709
2705|阎家坪墓群|岢岚县|111.7449247|38.81318389
2706|康家会墓群|岢岚县|111.7342077|38.81491902
2707|阎家坪遗址|岢岚县|111.736249|38.81093842
2708|高家会遗址|岢岚县|111.6028479|38.78307423
2709|新义井西遗址|岢岚县|111.6359175|38.7447482
2710|天窊遗址|岢岚县|111.6461242|38.75475073
2711|下石沟遗址|岢岚县|111.615198|38.72280387
2712|团龙沟遗址|岢岚县|111.6645982|38.75709827
2713|新义井遗址|岢岚县|111.6242819|38.739849
2714|阳蒿塔遗址|岢岚县|111.5538559|38.68044622
2715|窑子坡遗址|岢岚县|111.5810056|38.70381948
2716|东山遗址|岢岚县|111.5881503|38.70351328
2717|东关遗址|岢岚县|111.5833532|38.69218388
2718|牛家庄墓群|岢岚县|111.596928|38.68932601
2719|乔家湾墓群|岢岚县|111.6113194|38.68657021
2720|前舍窠遗址|岢岚县|111.6941975|38.70555461
